<?xml version="1.0" encoding="UTF-8"?>
<beans xmlns="http://www.springframework.org/schema/beans"
	xmlns:xsi="http://www.w3.org/2001/XMLSchema-instance"
	xsi:schemaLocation="http://www.springframework.org/schema/beans http://www.springframework.org/schema/beans/spring-beans.xsd">

	<!-- email 인증 관련 bean 생성 -->
	<bean id="mailSender"
		class="org.springframework.mail.javamail.JavaMailSenderImpl">
		<property name="host" value="smtp.gmail.com" />
		<property name="port" value="587" />
		<property name="username" value="ttl33787@gmail.com" />
		<property name="password" value="kyvnzhxmprlmvzqb" />
		<property name="javaMailProperties">
			<props>
				<prop key="mail.transport.protocol">smtp</prop>
				<prop key="mail.smtp.auth">true</prop>
				<prop key="mail.smtp.starttls.enable">true</prop>
				<!-- <prop key="mail.debug">true</prop> -->
				<prop key="mail.smtp.ssl.trust">smtp.gmail.com</prop>
				<prop key="mail.smtp.ssl.protocols">TLSv1.2</prop>
			</props>
		</property>
	</bean>
</beans>
