<?xml version="1.0" encoding="UTF-8"?>
<!DOCTYPE configuration PUBLIC "-//mybatis.org//DTD Config 3.0//EN" "http://mybatis.org/dtd/mybatis-3-config.dtd" >
<configuration>

	<!-- SqlSessionTemplate 생성 시 적용될 설정 작성 부분 -->
	<settings>
		<!-- insert 또는 update에 사용되는 값 중 null이 있을 경우에 대한 설정 해당 설정이 없을 경우 -> SQL 
			구문에 null 포함되어 있다는 오류 발생. 해당 설정이 있을 경우 -> 오류를 발생 시키지 않고 NULL 값을 컬럼에 대입 단, 
			NOT NULL 제약조건이 없는 컬럼에만 가능함. ** value 설정 시 NULL 은 반드시 대문자로 작성 (소문자 null은 오류가 
			발생함) -->
		<setting name="jdbcTypeForNull" value="NULL" />
	</settings>

	<!-- 별칭 작성 부분 -->
	<!-- VO클래스의 패키지명 + 클래스명 작성하는 것이 불편하기 때문에 짧은 별칭 부여 -->
	<typeAliases>
		<typeAlias type="edu.kh.project.member.model.dto.Member"
			alias="Member" />
		<typeAlias type="edu.kh.project.board.model.dto.BoardImage"
			alias="BoardImage" />
		<typeAlias type="edu.kh.project.board.model.dto.Comment"
			alias="Comment" />
		<typeAlias type="edu.kh.project.board.model.dto.Board"
			alias="Board" />
		<typeAlias
			type="edu.kh.project.chatting.model.dto.ChattingRoom"
			alias="ChattingRoom" />
		<typeAlias type="edu.kh.project.chatting.model.dto.Message"
			alias="Message" />

	</typeAliases>

	<!-- mapper 파일(SQL 작성되는파일) 위치 등록 부분 -->
	<mappers>
	<mapper resource="/mappers/chatting-mapper.xml"/> 
		<mapper resource="/mappers/member-mapper.xml" />
		<mapper resource="/mappers/myPage-mapper.xml" />
		<mapper resource="/mappers/ajax-mapper.xml" />
		<mapper resource="/mappers/email-mapper.xml" />
		<mapper resource="/mappers/board-mapper.xml" />
		<mapper resource="/mappers/comment-mapper.xml" />
	</mappers>


</configuration>