<?xml version="1.0" encoding="UTF-8"?>
<!DOCTYPE mapper PUBLIC "-//mybatis.org//DTD Mapper 3.0//EN" "http://mybatis.org/dtd/mybatis-3-mapper.dtd" >
<mapper namespace="commentMapper">

	<insert id="insert">
	      INSERT INTO "COMMENT"                              
      VALUES(SEQ_COMMENT_NO.NEXTVAL, 
            #{commentContent}, 
            DEFAULT, DEFAULT, 
            #{boardNo}, #{memberNo}, 
            
            <!-- 동적 sql : if문 -->
            
            <!-- 부모 댓글 -->
            <if test ="parentNo == 0"> NULL </if>
         
            <!-- 자식 댓글 -->
            <if test ="parentNo != 0"> #{parentNo} </if>
            )
	</insert>
	
	<!-- 댓글 삭제 -->
	<update id="delete">
		UPDATE "COMMENT" SET
		COMMENT_DEL_FL = 'Y'
		WHERE COMMENT_NO = #{commentNo}
	</update>
	
	<!-- 댓글 수정 -->
	<update id="update">
		UPDATE "COMMENT" SET
		COMMENT_CONTENT = #{commentContent}
		WHERE COMMENT_NO = #{commentNo}
	</update>
</mapper>